INSERT INTO Categoria(nombre)
VALUES
  ('Frutas frescas'),
  ('Verduras frescas'),
  ('Carnes y aves'),
  ('Pescados y mariscos'),
  ('Lácteos y huevos'),
  ('Panadería y repostería'),
  ('Cereales y granos'),
  ('Conservas y enlatados'),
  ('Bebidas no alcohólicas'),
  ('Bebidas alcohólicas'),
  ('Productos de limpieza'),
  ('Productos de cuidado personal'),
  ('Alimentos congelados'),
  ('Snacks y aperitivos'),
  ('Salsas y condimentos'),
  ('Aceites y grasas'),
  ('Café y té'),
  ('Galletas y dulces'),
  ('Pastas y arroces'),
  ('Alimentos para mascotas');

INSERT INTO Region(nombre) VALUES
('Arica y Parinacota'),
('Tarapacá'),
('Antofagasta'),
('Atacama'),
('Coquimbo'),
('Valparaíso'),
('Región Metropolitana de Santiago'),
('Libertador General Bernardo OHiggins'),
('Maule'),
('Nuble'),
('Biobío'),
('La Araucanía'),
('Los Ríos'),
('Los Lagos'),
('Aysén del General Carlos Ibáñez del Campo'),
('Magallanes y de la Antártica Chilena');

INSERT INTO Producto(precio_unitario, categoria_id)
VALUES
  (1000, 1),
  (800, 2),
  (4500, 3),
  (6500, 4),
  (2500, 5),
  (1200, 6),
  (3500, 7),
  (900, 8),
  (700, 9),
  (3500, 10),
  (1500, 11),
  (2000, 12),
  (1800, 13),
  (1200, 14),
  (500, 15),
  (1000, 16),
  (800, 17),
  (900, 18),
  (1200, 19),
  (2500, 20),
  (1500, 1),
  (2000, 2),
  (1800, 3),
  (2500, 4),
  (1200, 5),
  (3500, 6),
  (2800, 7),
  (3000, 8),
  (2200, 9),
  (1900, 10),
  (2100, 11),
  (1600, 12),
  (2300, 13),
  (2700, 14),
  (2400, 15),
  (1700, 16),
  (3200, 17),
  (2900, 18),
  (2700, 19),
  (2300, 20),
  (2000, 1),
  (1700, 2),
  (2600, 3),
  (3100, 4),
  (2400, 5),
  (2100, 6),
  (2500, 7),
  (2900, 8),
  (3500, 9),
  (2000, 10);

INSERT INTO Marca(nombre) VALUES
('Nestlé'),
('Soprole'),
('Unimarc'),
('Jumbo'),
('Sodimac'),
('Cencosud'),
('Paris'),
('Easy'),
('Líder'),
('Copec'),
('Arauco'),
('CCU (Compañía Cervecerías Unidas)'),
('Colún'),
('Colo Colo'),
('Tricot'),
('La Polar'),
('Falabella'),
('Entel'),
('Movistar'),
('Claro'),
('WOM'),
('Alto del Carmen'),
('Capel'),
('Anakena'),
('Santa Carolina'),
('Concha y Toro'),
('Viña San Pedro'),
('CCU (Cerveza Kunstmann)'),
('Kross'),
('SalcoBrand'),
('Carozzi'),
('Soprole'),
('Tika'),
('Soprole'),
('Cachantún'),
('Crystal'),
('Colún'),
('San Vicente'),
('Savory'),
('Soprole'),
('Molitalia'),
('Subway'),
('Havanna'),
('Dove'),
('Palmolive'),
('Cachantún'),
('Santa Isabel'),
('Oster'),
('Natura'),
('Arauco Premium');

INSERT INTO Provincia(nombre, region_id) VALUES
('Arica', 1),
('Parinacota', 1),
('Iquique', 2),
('Tamarugal', 2),
('Antofagasta', 3),
('El Loa', 3),
('Tocopilla', 3),
('Copiapó', 4),
('Chañaral', 4),
('Huasco', 4),
('Elqui', 5),
('Limarí', 5),
('Choapa', 5),
('Valparaíso', 6),
('Isla de Pascua (Rapa Nui)', 6),
('Los Andes', 6),
('Petorca', 6),
('Quillota', 6),
('San Antonio', 6),
('San Felipe de Aconcagua', 6),
('Marga Marga', 6),
('Santiago', 7),
('Cordillera', 7),
('Chacabuco', 7),
('Maipo', 7),
('Melipilla', 7),
('Talagante', 7),
('Cachapoal', 8),
('Colchagua', 8),
('Cardenal Caro', 8),
('Curicó', 9),
('Talca', 9),
('Linares', 9),
('Ñuble', 10),
('Concepción', 11),
('Biobío', 11),
('Arauco', 11),
('Cautín', 12),
('Malleco', 12),
('Valdivia', 13),
('Ranco', 13),
('Llanquihue', 14),
('Chiloé', 14),
('Osorno', 14),
('Palena', 14),
('Coyhaique', 15),
('Aysén', 15),
('Capitán Prat', 15),
('General Carrera', 15),
('Magallanes', 16),
('Antártica Chilena', 16),
('Tierra del Fuego', 16),
('Última Esperanza', 16);

INSERT INTO Ciudad(nombre, provincia_id) VALUES
('Arica', 1),
('Putre', 2),
('Iquique', 3),
('Pozo Almonte', 4),
('Antofagasta', 5),
('Calama', 6),
('Tocopilla', 7),
('Copiapó', 8),
('Chañaral', 9),
('Vallenar', 10),
('La Serena', 11),
('Coquimbo', 12),
('Illapel', 13),
('Valparaíso', 14),
('Viña del Mar', 14),
('Quillota', 16),
('San Antonio', 17),
('San Felipe', 18),
('Santiago', 19),
('Puente Alto', 19),
('Melipilla', 21),
('Rancagua', 22),
('San Fernando', 23),
('Talca', 25),
('Curicó', 26),
('Linares', 27),
('Chillán', 29),
('Concepción', 30),
('Los Ángeles', 31),
('Temuco', 33),
('Villarrica', 33),
('Valdivia', 34),
('La Unión', 34),
('Osorno', 36),
('Puerto Montt', 37),
('Ancud', 38),
('Coyhaique', 40),
('Puerto Aysén', 40),
('Cochrane', 41),
('Punta Arenas', 43),
('Puerto Natales', 44),
('Porvenir', 45),
('Santiago', 19),
('San Miguel', 19),
('La Florida', 19),
('Las Condes', 19),
('Maipú', 19),
('Ñuñoa', 19);

INSERT INTO Cliente(rut, nombre, fecha_nacimiento, genero) VALUES
('11111111-1', 'Alejandra González', '1990-05-15', 'Femenino'),
('22222222-2', 'Diego Martínez', '1985-08-22', 'Masculino'),
('33333333-3', 'Valentina Pérez', '1998-03-10', 'Femenino'),
('44444444-4', 'Joaquín Soto', '1992-11-05', 'Masculino'),
('55555555-5', 'Isabella Morales', '1989-07-01', 'Femenino'),
('66666666-6', 'Matías Silva', '1996-09-18', 'Masculino'),
('77777777-7', 'Camila Rojas', '1994-02-25', 'Femenino'),
('88888888-8', 'Lucas Castro', '1987-06-30', 'Masculino'),
('99999999-9', 'Martina Contreras', '1991-12-12', 'Femenino'),
('10101010-0', 'Sebastián Gómez', '1988-04-08', 'Masculino'),
('12121212-1', 'Valeria Espinoza', '1993-10-21', 'Femenino'),
('13131313-2', 'Felipe Orellana', '1997-07-14', 'Masculino'),
('14141414-3', 'Fernanda Vargas', '1995-01-02', 'Femenino'),
('15151515-4', 'Tomás Muñoz', '1986-09-29', 'Masculino'),
('16161616-5', 'Constanza Fuentes', '1999-12-20', 'Femenino'),
('17171717-6', 'Nicolás Araya', '1992-08-11', 'Masculino'),
('18181818-7', 'Sofía Torres', '1990-04-17', 'Femenino'),
('19191919-8', 'Emilio González', '1987-11-09', 'Masculino'),
('20202020-0', 'María Morales', '1994-03-27', 'Femenino'),
('21212121-1', 'Ignacio Silva', '1991-07-06', 'Masculino'),
('22222222-2', 'Catalina Herrera', '1988-01-16', 'Femenino'),
('23232323-3', 'Benjamín Castro', '1997-10-31', 'Masculino'),
('24242424-4', 'Antonia Méndez', '1999-06-24', 'Femenino'),
('25252525-5', 'Luciano Valenzuela', '1989-11-18', 'Masculino'),
('26262626-6', 'Josefa Cortés', '1995-03-02', 'Femenino'),
('27272727-7', 'Maximiliana Reyes', '1996-09-30', 'Femenino'),
('28282828-8', 'Francisco Torres', '1986-02-12', 'Masculino'),
('29292929-9', 'Paz Soto', '1993-05-09', 'Femenino'),
('30303030-0', 'Javier Morales', '1987-08-29', 'Masculino'),
('31313131-1', 'Amanda Aravena', '1990-10-25', 'Femenino'),
('32323232-2', 'Maximiliano Carrasco', '1994-04-15', 'Masculino'),
('33333333-3', 'Constanza López', '1991-07-07', 'Femenino'),
('34343434-4', 'Mateo Guzmán', '1998-06-19', 'Masculino'),
('35353535-5', 'Valentina Mardones', '1988-05-05', 'Femenino'),
('36363636-6', 'Daniel Paredes', '1997-09-03', 'Masculino'),
('37373737-7', 'Agustina Fuentes', '1993-02-01', 'Femenino'),
('38383838-8', 'Gaspar Gutiérrez', '1989-12-08', 'Masculino'),
('39393939-9', 'Isidora Soto', '1996-06-26', 'Femenino'),
('40404040-0', 'Benjamín Vidal', '1992-10-14', 'Masculino'),
('41414141-1', 'Renata Castro', '1987-07-31', 'Femenino'),
('42424242-2', 'Matías Espinoza', '1994-03-18', 'Masculino'),
('43434343-3', 'Agustina Herrera', '1999-10-04', 'Femenino'),
('44444444-4', 'Sebastián Morales', '1988-08-27', 'Masculino'),
('45454545-5', 'Valentina Silva', '1995-04-11', 'Femenino'),
('46464646-6', 'Felipe Orellana', '1997-11-02', 'Masculino'),
('47474747-7', 'Francisca Vargas', '1989-01-09', 'Femenino'),
('48484848-8', 'Tomás Muñoz', '1991-07-22', 'Masculino'),
('49494949-9', 'Martina Fuentes', '1995-06-25', 'Femenino'),
('50505050-0', 'Joaquín Torres', '1998-12-17', 'Masculino'),
('51515151-1', 'Antonia Cortés', '1987-08-04', 'Femenino');

INSERT INTO Compra(fecha) VALUES
('2023-07-01'),
('2023-07-02'),
('2023-07-03'),
('2023-07-04'),
('2023-07-05'),
('2023-07-06'),
('2023-07-07'),
('2023-07-08'),
('2023-07-09'),
('2023-07-10'),
('2023-07-11'),
('2023-07-12'),
('2023-07-13'),
('2023-07-14'),
('2023-07-15'),
('2023-07-16'),
('2023-07-17'),
('2023-07-18'),
('2023-07-19'),
('2023-07-20'),
('2023-07-21'),
('2023-07-22'),
('2023-07-23'),
('2023-07-24'),
('2023-07-25'),
('2023-07-26'),
('2023-07-27'),
('2023-07-28'),
('2023-07-29'),
('2023-07-30'),
('2023-07-31'),
('2023-08-01'),
('2023-08-02'),
('2023-08-03'),
('2023-08-04'),
('2023-08-05'),
('2023-08-06'),
('2023-08-07'),
('2023-08-08'),
('2023-08-09'),
('2023-08-10'),
('2023-08-11'),
('2023-08-12'),
('2023-08-13'),
('2023-08-14'),
('2023-08-15'),
('2023-08-16'),
('2023-08-17'),
('2023-08-18'),
('2023-08-19'),
('2023-08-20');

INSERT INTO Local(nombre, direccion, ciudad_id) VALUES
('Unimarc Plaza Norte', 'Av. Lampa 123', 1),
('Unimarc San Felipe', 'Calle Yungay 456', 2),
('Unimarc La Serena', 'Av. 4 Esquinas 789', 3),
('Unimarc Viña del Mar', 'Calle Quillota 321', 4),
('Unimarc Antofagasta', 'Av. Angamos 654', 5),
('Unimarc Temuco', 'Calle Bulnes 789', 6),
('Unimarc Concepción', 'Av. Collao 111', 7),
('Unimarc Rancagua', 'Calle Brasil 222', 8),
('Unimarc Talca', 'Av. 5 Sur 333', 9),
('Unimarc Chillán', 'Calle Maipón 444', 10),
('Unimarc La Florida', 'Av. Tobalaba 555', 11),
('Unimarc San Bernardo', 'Calle OHiggins 666', 12),
('Unimarc Arica', 'Av. 21 de Mayo 777', 13),
('Unimarc Iquique', 'Calle Tarapacá 888', 14),
('Unimarc Puerto Montt', 'Av. Seminario 999', 15),
('Unimarc La Cisterna', 'Calle Lo Ovalle 101', 16),
('Unimarc Curicó', 'Av. Alessandri 202', 17),
('Unimarc Coquimbo', 'Calle Aldunate 303', 18),
('Unimarc Ovalle', 'Av. Illapel 404', 19),
('Unimarc Los Ángeles', 'Calle Valdivia 505', 20),
('Unimarc San Fernando', 'Av. Manso de Velasco 606', 21),
('Unimarc Talagante', 'Calle El Parque 707', 22),
('Unimarc Linares', 'Av. León Bustos 808', 23),
('Unimarc Osorno', 'Calle Ramírez 909', 24),
('Unimarc Castro', 'Av. Pedro Montt 1010', 25),
('Unimarc Valdivia', 'Calle Yungay 1111', 26),
('Unimarc San Antonio', 'Av. Centenario 1212', 27),
('Unimarc La Unión', 'Calle Balmaceda 1313', 28),
('Unimarc Punta Arenas', 'Av. Bulnes 1414', 29),
('Unimarc Temuco Norte', 'Calle Manuel Montt 1515', 30),
('Unimarc Los Andes', 'Av. Argentina 1616', 31),
('Unimarc Quillota', 'Calle Barros Luco 1717', 32),
('Unimarc Calama', 'Av. Granaderos 1818', 33),
('Unimarc Copiapó', 'Calle Atacama 1919', 34),
('Unimarc Angol', 'Av. Ricardo Vicuña 2020', 35),
('Unimarc Coronel', 'Calle Valdés 2121', 36),
('Unimarc San Felipe 2', 'Av. Yungay 2222', 37),
('Unimarc Ovalle 2', 'Calle Amunátegui 2323', 38),
('Unimarc Santiago Centro', 'Av. Alameda 2424', 39),
('Unimarc Maipú 2', 'Calle 5 de Abril 2525', 40),
('Unimarc Iquique 2', 'Av. Las Condes 2626', 41),
('Unimarc Calama 2', 'Calle Coquimbo 2727', 42),
('Unimarc Valparaíso', 'Av. Simón Bolívar 2828', 43),
('Unimarc Quilpué', 'Calle Pudeto 2929', 44),
('Unimarc Santiago Centro 2', 'Av. Huerfanos 3030', 45),
('Unimarc San Fernando 2', 'Calle Esmeralda 3131', 46),
('Unimarc Talca 2', 'Av. Juan Antonio Coloma 3232', 47),
('Unimarc La Serena 2', 'Calle Francisco de Aguirre 3333', 48),
('Unimarc Temuco 3', 'Av. Pablo Neruda 3434', 47),
('Unimarc Chillán 2', 'Calle Bulnes 3535', 48);

INSERT INTO Proveedor(nombre) VALUES
('Comercializadora El Bosque Ltda.'),
('Distribuidora San Pedro S.A.'),
('Importadora Santa Cruz Limitada'),
('Alimentos del Sur S.A.'),
('Suministros Agrícolas del Maipo SpA'),
('La Chacra Natural Limitada'),
('Distribuidora El Sol S.A.'),
('Exportadora Los Andes Limitada'),
('Agrocomercial del Valle SpA'),
('Importadora y Exportadora del Mar S.A.'),
('Comercializadora El Roble Limitada'),
('Inversiones Agrícolas Santa Bárbara SpA'),
('Distribuidora Los Ríos S.A.'),
('Importadora Tierra Fértil Limitada'),
('Exportadora Montes del Sur SpA'),
('Distribuidora Los Lagos S.A.'),
('Comercializadora La Frontera Limitada'),
('Exportadora Campos Verdes SpA'),
('Agrocomercial del Desierto SpA'),
('Distribuidora Los Volcanes S.A.'),
('Comercializadora La Araucanía Limitada'),
('Importadora Río Claro SpA'),
('Distribuidora Los Canelos S.A.'),
('Exportadora Tierra del Fuego SpA'),
('Comercializadora Los Llanos Limitada'),
('Importadora Valles Verdes SpA'),
('Distribuidora Los Glaciares S.A.'),
('Agrocomercial del Biobío SpA'),
('Comercializadora Los Andes Limitada'),
('Exportadora Cordillera Blanca SpA'),
('Distribuidora Los Alpes S.A.'),
('Comercializadora Los Ríos Limitada'),
('Importadora Pampas Verdes SpA'),
('Exportadora Mar del Norte SpA'),
('Distribuidora Los Campos S.A.'),
('Comercializadora Los Lagos Limitada'),
('Agrocomercial del Maule SpA'),
('Importadora Valle Hermoso SpA'),
('Distribuidora Los Bosques S.A.'),
('Comercializadora Los Andes Limitada'),
('Exportadora Valle Nevado SpA'),
('Distribuidora Los Valles S.A.'),
('Comercializadora Los Ríos Limitada'),
('Exportadora Pampas Verdes SpA'),
('Agrocomercial del Litoral SpA'),
('Distribuidora Los Volcanes S.A.'),
('Comercializadora Tierra Fértil Limitada'),
('Importadora Los Andes SpA'),
('Exportadora Los Glaciares SpA'),
('Distribuidora Los Alpes S.A.'),
('Comercializadora Valle Hermoso Limitada'),
('Importadora Los Lagos SpA'),
('Distribuidora Los Campos S.A.'),
('Exportadora Los Ríos SpA');

INSERT INTO Lote(fecha_vencimiento, fecha_elaboracion, producto_id, marca_id, proveedor_id) VALUES
('2023-09-30', '2023-07-01', 1, 1, 1),
('2023-08-25', '2023-06-28', 2, 2, 2),
('2023-09-30', '2023-06-28', 3, 3, 3),
('2023-08-15', '2023-06-25', 4, 4, 4),
('2023-09-30', '2023-07-01', 5, 5, 5),
('2023-08-20', '2023-06-29', 6, 6, 6),
('2023-08-15', '2023-06-25', 7, 7, 7),
('2023-08-25', '2023-06-28', 8, 8, 8),
('2023-08-20', '2023-06-29', 9, 9, 9),
('2023-08-25', '2023-06-28', 10, 10, 10),
('2023-08-20', '2023-06-29', 11, 11, 11),
('2023-08-15', '2023-06-25', 12, 12, 12),
('2023-09-30', '2023-07-01', 13, 13, 13),
('2023-08-15', '2023-06-25', 14, 14, 14),
('2023-08-20', '2023-06-29', 15, 15, 15),
('2023-08-25', '2023-06-28', 16, 16, 16),
('2023-08-20', '2023-06-29', 17, 17, 17),
('2023-09-30', '2023-07-01', 18, 18, 18),
('2023-08-15', '2023-06-25', 19, 19, 19),
('2023-09-30', '2023-07-01', 20, 20, 20),
('2023-08-15', '2023-06-25', 21, 21, 21),
('2023-08-20', '2023-06-29', 22, 22, 22),
('2023-08-25', '2023-06-28', 23, 23, 23),
('2023-08-20', '2023-06-29', 24, 24, 24),
('2023-09-30', '2023-07-01', 25, 25, 25),
('2023-08-25', '2023-06-28', 26, 26, 26),
('2023-09-30', '2023-07-01', 27, 27, 27),
('2023-08-15', '2023-06-25', 28, 28, 28),
('2023-08-25', '2023-06-28', 29, 29, 29),
('2023-08-20', '2023-06-29', 30, 30, 30),
('2023-09-30', '2023-07-01', 31, 31, 31),
('2023-08-20', '2023-06-29', 32, 32, 32),
('2023-08-15', '2023-06-25', 33, 33, 33),
('2023-08-25', '2023-06-28', 34, 34, 34),
('2023-09-30', '2023-07-01', 35, 35, 35),
('2023-08-20', '2023-06-29', 36, 36, 36),
('2023-08-15', '2023-06-25', 37, 37, 37),
('2023-08-25', '2023-06-28', 38, 38, 38),
('2023-08-20', '2023-06-29', 39, 39, 39),
('2023-08-25', '2023-06-28', 40, 40, 40),
('2023-09-30', '2023-07-01', 41, 41, 41),
('2023-08-15', '2023-06-25', 42, 42, 42),
('2023-08-20', '2023-06-29', 43, 43, 43),
('2023-08-25', '2023-06-28', 44, 44, 44),
('2023-08-20', '2023-06-29', 45, 45, 45),
('2023-09-30', '2023-07-01', 46, 46, 46),
('2023-08-25', '2023-06-28', 47, 47, 47),
('2023-09-30', '2023-07-01', 48, 48, 48),
('2023-08-15', '2023-06-25', 49, 49, 49),
('2023-08-20', '2023-06-29', 50, 50, 50);

INSERT INTO CompraLote(compra_id, proveedor_id, lote_id, cantidad, precio) VALUES
(1, 1, 1, 100, 50000),
(2, 2, 2, 150, 75000),
(3, 3, 3, 80, 40000),
(4, 4, 4, 200, 100000),
(5, 5, 5, 120, 60000),
(6, 6, 6, 90, 45000),
(7, 7, 7, 50, 25000),
(8, 8, 8, 70, 35000),
(9, 9, 9, 110, 55000),
(10, 10, 10, 180, 90000),
(11, 11, 11, 40, 20000),
(12, 12, 12, 30, 15000),
(13, 13, 13, 60, 30000),
(14, 14, 14, 100, 50000),
(15, 15, 15, 75, 37500),
(16, 16, 16, 90, 45000),
(17, 17, 17, 120, 60000),
(18, 18, 18, 85, 42500),
(19, 19, 19, 50, 25000),
(20, 20, 20, 70, 35000),
(21, 21, 21, 180, 90000),
(22, 22, 22, 110, 55000),
(23, 23, 23, 65, 32500),
(24, 24, 24, 75, 37500),
(25, 25, 25, 120, 60000),
(26, 26, 26, 90, 45000),
(27, 27, 27, 50, 25000),
(28, 28, 28, 70, 35000),
(29, 29, 29, 100, 50000),
(30, 30, 30, 150, 75000),
(31, 1, 31, 80, 40000),
(32, 2, 32, 200, 100000),
(33, 3, 33, 120, 60000),
(34, 4, 34, 90, 45000),
(35, 5, 35, 110, 55000),
(36, 6, 36, 40, 20000),
(37, 7, 37, 30, 15000),
(38, 8, 38, 60, 30000),
(39, 9, 39, 100, 50000),
(40, 10, 40, 75, 37500),
(41, 11, 41, 90, 45000),
(42, 12, 42, 120, 60000),
(43, 13, 43, 85, 42500),
(44, 14, 44, 50, 25000),
(45, 15, 45, 70, 35000),
(46, 16, 46, 180, 90000),
(47, 17, 47, 110, 55000),
(48, 18, 48, 65, 32500),
(49, 19, 49, 75, 37500),
(50, 20, 50, 120, 60000);

INSERT INTO Cupon(descuento, fecha_vencimiento, descripcion) VALUES
('20', '2023-09-30', 'Descuento del 20 en tu próxima compra'),
('15', '2023-08-15', 'Descuento del 15 en compras superiores a $50.000'),
('10', '2023-10-31', 'Cupón de bienvenida para nuevos clientes'),
('25', '2023-07-31', '¡Gran descuento para clientes frecuentes!'),
('30', '2023-07-19', 'Descuento especial por tu cumpleaños'),
('10', '2023-08-30', '10 de descuento en productos seleccionados'),
('25', '2023-07-25', 'Martes de descuentos en toda la tienda'),
('15', '2023-09-15', 'Cupón para familias con descuento en compras familiares'),
('5', '2023-08-31', 'Ahorra con nosotros en tus compras diarias'),
('10', '2023-07-31', 'Cupón especial para disfrutar el verano'),
('5', '2023-08-10', 'Cupón de regalo en tu primer pedido con delivery'),
('30', '2023-09-30', 'Descuento del 30 en productos de limpieza'),
('20', '2023-08-20', 'Descuento para la vuelta al colegio'),
('10', '2023-08-31', 'Cupón para el festival gourmet'),
('20', '2023-09-15', 'Descuento en compras superiores a $100.000'),
('15', '2023-08-30', 'Oferta especial en frutas y verduras'),
('25', '2023-09-30', 'Descuento en productos para el hogar'),
('15', '2023-08-31', 'Cupón para productos refrigerados'),
('10', '2023-07-31', 'Descuento en productos biodegradables'),
('5', '2023-09-10', 'Descuento especial en productos para mascotas'),
('10', '2023-08-31', 'Cupón para productos de bebé'),
('20', '2023-09-30', 'Descuento en productos de cuidado personal'),
('15', '2023-08-25', 'Cupón para ofertas tecnológicas'),
('20', '2023-07-31', 'Cupón para productos de nutrición saludable'),
('10', '2023-08-20', 'Descuento en la compra de libros'),
('15', '2023-09-15', 'Cupón para moda y accesorios'),
('10', '2023-07-31', 'Cupón especial para disfrutar del verano con gusto'),
('25', '2023-08-30', 'Descuento en artículos de bebidas'),
('20', '2023-09-30', 'Cupón para productos de limpieza esenciales'),
('10', '2023-08-31', 'Descuento en utensilios de cocina'),
('15', '2023-07-31', 'Cupón para productos de bienestar y salud'),
('5', '2023-09-10', '5 de descuento en tu próxima compra'),
('20', '2023-08-31', 'Cupón especial para que vuelvas pronto'),
('30', '2023-09-30', '¡Gran oferta que no puedes perder!'),
('10', '2023-08-25', 'Descuento en productos de cuidado para bebé'),
('15', '2023-08-15', 'Cupón para productos de deporte y salud'),
('20', '2023-07-31', 'Descuento en productos de bienestar familiar'),
('10', '2023-09-20', 'Cupón para celebraciones especiales'),
('15', '2023-08-30', 'Cupón para electrodomésticos en oferta'),
('25', '2023-09-30', 'Descuento del 25 en toda la tienda'),
('10', '2023-08-31', 'Descuento en productos de nutrición'),
('10', '2023-09-15', 'Cupón para productos biodegradables'),
('15', '2023-07-31', 'Descuento en productos de belleza y cuidado personal'),
('20', '2023-08-10', 'Cupón especial para productos de tecnología'),
('5', '2023-09-30', 'Descuento en productos para mascotas'),
('10', '2023-08-31', 'Cupón para un verano saludable'),
('15', '2023-09-30', 'Descuento en productos de limpieza'),
('10', '2023-08-31', 'Cupón para artículos del hogar'),
('20', '2023-07-31', 'Descuento en productos de cuidado personal'),
('15', '2023-08-20', 'Cupón para ofertas tecnológicas'),
('25', '2023-09-15', '¡Gran descuento para clientes frecuentes!'),
('10', '2023-08-31', 'Descuento en productos para el hogar'),
('15', '2023-07-31', 'Cupón para productos de bienestar y salud');

INSERT INTO CuponProducto(cupon_id, producto_id) VALUES
(10, 1),
(10, 2),
(10, 3),
(10, 4),
(11, 5),
(11, 6),
(11, 7),
(11, 8),
(12, 9),
(12, 10),
(12, 11),
(12, 12),
(13, 13),
(13, 14),
(13, 15),
(13, 16),
(14, 17),
(14, 18),
(14, 19),
(14, 20),
(15, 21),
(15, 22),
(15, 23),
(15, 24),
(16, 25),
(16, 26),
(16, 27),
(16, 28),
(17, 29),
(17, 30),
(17, 31),
(17, 32),
(18, 33),
(18, 34),
(18, 35),
(18, 36),
(19, 37),
(19, 38),
(19, 39),
(19, 40),
(20, 41),
(20, 42),
(20, 43),
(20, 44),
(21, 45),
(21, 46),
(21, 47),
(21, 48),
(22, 49),
(22, 50);

INSERT INTO MedioPago(nombre) VALUES
('Efectivo'),
('Tarjeta de crédito'),
('Tarjeta de débito'),
('Transferencia bancaria'),
('Cheque'),
('Pago móvil'),
('PayPal'),
('BancoEstado'),
('Santander'),
('BCI'),
('Banco de Chile'),
('Banco Itaú'),
('Scotiabank'),
('CMR Falabella'),
('Ripley'),
('Consorcio'),
('BICE'),
('Edwards Citi'),
('CuentaRUT'),
('Diners Club');

INSERT INTO Vendedor(nombre) VALUES
('Juan Pérez'),
('María Rodríguez'),
('Pedro Gómez'),
('Carolina López'),
('Luis Morales'),
('Ana Martínez'),
('Carlos González'),
('Laura Herrera'),
('Andrés Castro'),
('Patricia Ramírez'),
('Javier Fernández'),
('Valentina Silva'),
('Eduardo Muñoz'),
('Daniela Bravo'),
('Felipe Rivas'),
('Isabel Torres'),
('Diego Ortega'),
('Catalina Vargas'),
('Roberto Fuentes'),
('Sofía Navarro'),
('Ricardo Castro'),
('Gabriela Peña'),
('Alejandro Méndez'),
('Fernanda Rojas'),
('Martín Contreras'),
('Victoria Pizarro'),
('Gonzalo Guzmán'),
('Camila Toledo'),
('Sebastián Valenzuela'),
('Ángela Araya'),
('Germán Saavedra'),
('Antonia Campos'),
('Manuel Villarroel'),
('Paula Espinoza'),
('Cristián Tapia'),
('Ignacia Castro'),
('Raúl Fernández'),
('Constanza Orellana'),
('Maximiliano Vidal'),
('Roxana Mendoza'),
('Francisco Aguirre'),
('Antonella Bravo'),
('Matías Rojas'),
('Amelia Soto'),
('Benjamín Ortiz'),
('Amanda Leiva'),
('Guillermo Paredes'),
('Mónica Vargas'),
('Alonso Muñoz'),
('Isidora Riquelme'),
('Cristóbal Escobar'),
('Belen Zamora');

INSERT INTO VendedorLocal(vendedor_id, local_id) VALUES
(11, 1),
(12, 2),
(13, 3),
(14, 4),
(15, 5),
(16, 6),
(17, 7),
(18, 8),
(19, 9),
(20, 10),
(21, 11),
(22, 12),
(23, 13),
(24, 14),
(25, 15),
(26, 16),
(27, 17),
(28, 18),
(29, 19),
(30, 20),
(31, 21),
(32, 22),
(33, 23),
(34, 24),
(35, 25),
(36, 26),
(37, 27),
(38, 28),
(39, 29),
(40, 30),
(41, 31),
(42, 32),
(43, 33),
(44, 34),
(45, 35),
(46, 36),
(47, 37),
(48, 38),
(49, 39),
(50, 40),
(11, 41),
(12, 42),
(13, 43),
(14, 44),
(15, 45),
(16, 46),
(17, 47),
(18, 48),
(19, 49),
(20, 50);

INSERT INTO Venta(fecha) VALUES
('2023-07-01'),
('2023-07-02'),
('2023-07-03'),
('2023-07-04'),
('2023-07-05'),
('2023-07-06'),
('2023-07-07'),
('2023-07-08'),
('2023-07-09'),
('2023-07-10'),
('2023-07-11'),
('2023-07-12'),
('2023-07-13'),
('2023-07-14'),
('2023-07-15'),
('2023-07-16'),
('2023-07-17'),
('2023-07-18'),
('2023-07-19'),
('2023-07-20'),
('2023-07-21'),
('2023-07-22'),
('2023-07-23'),
('2023-07-24'),
('2023-07-25'),
('2023-07-26'),
('2023-07-27'),
('2023-07-28'),
('2023-07-29'),
('2023-07-30'),
('2023-07-31'),
('2023-08-01'),
('2023-08-02'),
('2023-08-03'),
('2023-08-04'),
('2023-08-05'),
('2023-08-06'),
('2023-08-07'),
('2023-08-08'),
('2023-08-09'),
('2023-08-10'),
('2023-08-11'),
('2023-08-12'),
('2023-08-13'),
('2023-08-14'),
('2023-08-15'),
('2023-08-16'),
('2023-08-17'),
('2023-08-18'),
('2023-08-19'),
('2023-08-20');

INSERT INTO VentaCupon(venta_id, cupon_id) VALUES
(1, 1),
(1, 2),
(2, 3),
(2, 4),
(3, 5),
(3, 6),
(4, 7),
(4, 8),
(5, 9),
(5, 10),
(6, 11),
(6, 12),
(7, 13),
(7, 14),
(8, 15),
(8, 16),
(9, 17),
(9, 18),
(10, 19),
(10, 20),
(11, 21),
(11, 22),
(12, 23),
(12, 24),
(13, 25),
(13, 26),
(14, 27),
(14, 28),
(15, 29),
(15, 30),
(16, 31),
(16, 32),
(17, 33),
(17, 34),
(18, 35),
(18, 36),
(19, 37),
(19, 38),
(20, 39),
(20, 40),
(21, 41),
(21, 42),
(22, 43),
(22, 44),
(23, 45),
(23, 46),
(24, 47),
(24, 48),
(25, 49),
(25, 50);

INSERT INTO VentaMedioPago(venta_id, medio_pago_id, monto) VALUES
(1, 7, 15000),
(2, 8, 22000),
(3, 9, 18000),
(4, 10, 25000),
(5, 11, 32000),
(6, 12, 21000),
(7, 7, 19000),
(8, 8, 27000),
(9, 9, 30000),
(10, 10, 15000),
(11, 11, 28000),
(12, 12, 20000),
(13, 7, 21000),
(14, 8, 17000),
(15, 9, 24000),
(16, 10, 19000),
(17, 11, 22000),
(18, 12, 28000),
(19, 7, 31000),
(20, 8, 25000),
(21, 9, 30000),
(22, 10, 19000),
(23, 11, 23000),
(24, 12, 24000),
(25, 7, 26000),
(26, 8, 28000),
(27, 9, 32000),
(28, 10, 21000),
(29, 11, 18000),
(30, 12, 19000),
(31, 7, 23000),
(32, 8, 22000),
(33, 9, 27000),
(34, 10, 29000),
(35, 11, 25000),
(36, 12, 28000),
(37, 7, 21000),
(38, 8, 23000),
(39, 9, 26000),
(40, 10, 29000),
(41, 11, 18000),
(42, 12, 21000),
(43, 7, 24000),
(44, 8, 31000),
(45, 9, 22000),
(46, 10, 23000),
(47, 11, 19000),
(48, 12, 28000),
(49, 7, 25000),
(50, 8, 27000);

INSERT INTO VentaProducto (venta_id, producto_id, precio, cantidad) VALUES
(1, 1, 500, 2),
(1, 2, 700, 1),
(2, 3, 800, 3),
(2, 4, 350, 4),
(3, 5, 600, 2),
(3, 6, 450, 2),
(4, 7, 900, 1),
(4, 8, 200, 3),
(5, 9, 300, 5),
(5, 10, 1000, 2),
(6, 11, 750, 3),
(6, 12, 600, 2),
(7, 13, 400, 3),
(7, 14, 300, 4),
(8, 15, 650, 1),
(8, 16, 250, 2),
(9, 17, 550, 4),
(9, 18, 350, 3),
(10, 19, 700, 2),
(10, 20, 400, 2),
(11, 21, 800, 1),
(11, 22, 450, 3),
(12, 23, 600, 2),
(12, 24, 300, 4),
(13, 25, 900, 1),
(13, 26, 200, 5),
(14, 27, 300, 4),
(14, 28, 1000, 2),
(15, 29, 750, 2),
(15, 30, 600, 3),
(16, 31, 400, 3),
(16, 32, 300, 4),
(17, 33, 650, 2),
(17, 34, 250, 5),
(18, 35, 550, 1),
(18, 36, 350, 4),
(19, 37, 700, 2),
(19, 38, 400, 2),
(20, 39, 800, 1),
(20, 40, 450, 3),
(21, 41, 600, 2),
(21, 42, 300, 4),
(22, 43, 900, 1),
(22, 44, 200, 5),
(23, 45, 300, 4),
(23, 46, 1000, 2),
(24, 47, 750, 2),
(24, 48, 600, 3),
(25, 49, 400, 3),
(25, 50, 300, 4);